[
  {
    "_id": {
      "$oid": "643d0fb06abdeceec331eb79"
    },
    "title": "Buissness Card1",
    "subTitle": "My Fourth Card",
    "description": "This is the description of the fourth business card. It is a successful business in some field with a very high demand for its products",
    "country": "Israel",
    "city": "Eilat",
    "street": "Arava",
    "houseNumber": "2",
    "phone": "053-2468101",
    "email": "email4@mail.il",
    "image": {
      "url": "https://armls.com/docs/Default-business-card.png",
      "alt": "Seel"
    },
    "bizNumber": "2833063",
    "likes": [],
    "user_id": {
      "$oid": "643ba48947daf9585f4ebf43"
    },
    "createdAt": {
      "$date": "2023-04-17T09:21:52.041Z"
    },
    "__v": 13
  },
  {
    "_id": {
      "$oid": "643d0fbb6abdeceec331eb7b"
    },
    "title": "Buissness Card2",
    "subTitle": "My Second Card",
    "description": "This is the description of the second business card. It is a successful business in some field with a very high demand for its products",
    "country": "Israel",
    "city": "Jerusalem",
    "street": "King David",
    "houseNumber": "5",
    "phone": "052-9876543",
    "email": "email2@mail.il",
    "image": {
      "url": "https://armls.com/docs/Default-business-card.png",
      "alt": "Seel"
    },
    "bizNumber": "3385707",
    "likes": [],
    "user_id": {
      "$oid": "643ba48947daf9585f4ebf43"
    },
    "createdAt": {
      "$date": "2023-04-17T09:22:03.034Z"
    },
    "__v": 30
  },
  {
    "_id": {
      "$oid": "643d0fca6abdeceec331eb7d"
    },
    "title": "Buissness Card3",
    "subTitle": "My Third Card",
    "description": "This is the description of the third business card. It is a successful business in some field with a very high demand for its products",
    "country": "Israel",
    "city": "Haifa",
    "street": "Herzl",
    "houseNumber": "31",
    "phone": "058-7654321",
    "email": "email3@mail.il",
    "image": {
      "url": "https://armls.com/docs/Default-business-card.png",
      "alt": "Seel"
    },
    "bizNumber": "7980566",
    "likes": [],
    "user_id": {
      "$oid": "643ba48947daf9585f4ebf43"
    },
    "createdAt": {
      "$date": "2023-04-17T09:22:18.007Z"
    },
    "__v": 5
  },
  {
    "_id": {
      "$oid": "643d0fd36abdeceec331eb7f"
    },
    "title": "Buissness Card4",
    "subTitle": "My Fourth Card",
    "description": "This is the description of the fourth business card. It is a successful business in some field with a very high demand for its products",
    "country": "Israel",
    "city": "Eilat",
    "street": "Arava",
    "houseNumber": "2",
    "phone": "053-2468101",
    "email": "email4@mail.il",
    "image": {
      "url": "https://armls.com/docs/Default-business-card.png",
      "alt": "Seel"
    },
    "bizNumber": "8262263",
    "likes": [],
    "user_id": {
      "$oid": "643ba48947daf9585f4ebf43"
    },
    "createdAt": {
      "$date": "2023-04-17T09:22:27.375Z"
    },
    "__v": 3
  }
]