[{
  "_id": {
    "$oid": "643ba48947daf9585f4ebf43"
  },
  "firstName": "Avi",
  "lastName": "levi",
  "phone": "0501234567",
  "email": "avi@levi.il",
  "password": "$2a$10$03X7DHozgbS.Tochc31V1..Q4ianMQ47B0nknwocaT4UpL1P4nzBC",
  "country": "Israel",
  "city": "Elon More'h",
  "street": "street",
  "houseNumber": "156",
  "biz": true,
  "isAdmin": true,
  "createdAt": {
    "$date": "2023-04-16T07:32:25.574Z"
  },
  "__v": 0,
  "imageAlt": "defult user image",
  "imageUrl": "https://png.pngtree.com/element_our/20190604/ourmid/pngtree-user-avatar-boy-image_1482937.jpg"
},{
  "_id": {
    "$oid": "643ba7c747daf9585f4ebf48"
  },
  "firstName": "Aviv",
  "lastName": "Gol",
  "phone": "0501234567",
  "email": "aviv@gol.com",
  "password": "$2a$10$0fEhidoDEpYwLdOnHG3KceMqNxgQYL51lUhr/OBASyMXCU87DyDkK",
  "country": "country",
  "city": "city",
  "street": "street",
  "houseNumber": "156",
  "biz": true,
  "isAdmin": false,
  "createdAt": {
    "$date": "2023-04-16T07:46:15.018Z"
  },
  "__v": 0,
  "imageAlt": "defult user image",
  "imageUrl": "https://png.pngtree.com/element_our/20190604/ourmid/pngtree-user-avatar-boy-image_1482937.jpg",
  "middleName": "ale"
},{
  "_id": {
    "$oid": "643ba9f647daf9585f4ebf52"
  },
  "firstName": "Dani",
  "lastName": "roz",
  "phone": "1234567890",
  "email": "dani@roz.il",
  "password": "$2a$10$fzWawirtNNRiaG6K74iEmOvFTxn.iknVtWUl1P4bgk3oL6RTfokFO",
  "country": "aa",
  "city": "aa",
  "street": "aa",
  "houseNumber": "11",
  "biz": false,
  "isAdmin": false,
  "createdAt": {
    "$date": "2023-04-16T07:55:34.266Z"
  },
  "__v": 0,
  "imageAlt": "default profile image",
  "imageUrl": "https://png.pngtree.com/element_our/20190604/ourmid/pngtree-user-avatar-boy-image_1482937.jpg"
}]